﻿Apocalypse Now, 4
The Big Short, 3
The Big Short, 9
The Big Short, 1
Apocalypse Now, 10
The Maze Runner, 9
2001 A space Odyssey, 7
American Graffiti, 9
Jason Bourne, 5
Jason Bourne, 1
The Maze Runner, 5
Jason Bourne, 3
The Maze Runner, 2
American Graffiti, 10
The Maze Runner, 8
The Maze Runner, 3
2001 A space Odyssey, 9
The Maze Runner, 4
Apocalypse Now, 9
Jason Bourne, 2
Jason Bourne, 7
Apocalypse Now, 7
The Big Short, 7
The Big Short, 8
The Maze Runner, 9
Apocalypse Now, 8
The Maze Runner, 7
The Big Short, 5
Apocalypse Now, 5
Jason Bourne, 0
The Big Short, 2
Jason Bourne, 7
Jason Bourne, 8
The Maze Runner, 10
Apocalypse Now, 6
The Big Short, 10
2001 A space Odyssey, 6
Jason Bourne, 1
The Big Short, 6
Jason Bourne, 8
2001 A space Odyssey, 10
Jason Bourne, 0
American Graffiti, 8
The Big Short, 4
Jason Bourne, 6
The Big Short, 1
2001 A space Odyssey, 8
The Maze Runner, 3
Jason Bourne, 7
The Big Short, 9
Jason Bourne, 4
Jason Bourne, 0
Jason Bourne, 1
The Big Short, 0
The Maze Runner, 6
Jason Bourne, 8
